Filename,Types of Violence,Labeling,Duration,fps,start_time,end_time,Video Path
P_7th_Sense_1,G0,0,2,20,0,2,/content/drive/MyDrive/CAPSTONE/Training dataset/P_7th_Sense_1.mp4
P_7th_Sense_2,F0,0,5,50,0,5,/content/drive/MyDrive/CAPSTONE/Training dataset/P_7th_Sense_2.mp4
P_7th_Sense_3,CA0,0,5,50,0,5,/content/drive/MyDrive/CAPSTONE/Training dataset/P_7th_Sense_3.mp4
P_7th_Sense_4,CA0,0,4,40,0,4,/content/drive/MyDrive/CAPSTONE/Training dataset/P_7th_Sense_4.mp4
P_7th_Sense_5,F0,0,3,30,0,3,/content/drive/MyDrive/CAPSTONE/Training dataset/P_7th_Sense_5.mp4
P_7th_Sense_6,CA0,0,5,50,0,5,/content/drive/MyDrive/CAPSTONE/Training dataset/P_7th_Sense_6.mp4
A_7th_Sense_7,CA1,1,4,40,0,4,/content/drive/MyDrive/CAPSTONE/Training dataset/A_7th_Sense_7.mp4
A_7th_Sense_8,CA1,1,6,60,0,6,/content/drive/MyDrive/CAPSTONE/Training dataset/A_7th_Sense_8.mp4
P_Aravinda_Sametha_1,B0,0,1,10,0,1,/content/drive/MyDrive/CAPSTONE/Training dataset/P_Aravinda_Sametha_1.mp4
A_Aravinda_Sametha_2,"C1,B1",1,2,20,0,2,/content/drive/MyDrive/CAPSTONE/Training dataset/A_Aravinda_Sametha_2.mp4
A_Aravinda_Sametha_3,B1,1,3,30,0,3,/content/drive/MyDrive/CAPSTONE/Training dataset/A_Aravinda_Sametha_3.mp4
A_Aravinda_Sametha_4,S1,1,3,30,0,3,/content/drive/MyDrive/CAPSTONE/Training dataset/A_Aravinda_Sametha_4.mp4
A_Aravinda_Sametha_5,"G1,B1",1,3,30,0,3,/content/drive/MyDrive/CAPSTONE/Training dataset/A_Aravinda_Sametha_5.mp4
A_Aravinda_Sametha_6,B1,1,5,50,0,5,/content/drive/MyDrive/CAPSTONE/Training dataset/A_Aravinda_Sametha_6.mp4
A_Aravinda_Sametha_7,B1,1,2,20,0,2,/content/drive/MyDrive/CAPSTONE/Training dataset/A_Aravinda_Sametha_7.mp4
A_Aravinda_Sametha_8,"C1,B1",1,5,50,0,5,/content/drive/MyDrive/CAPSTONE/Training dataset/A_Aravinda_Sametha_8.mp4
P_Arjun_Reddy_1,F0,0,2,20,0,2,/content/drive/MyDrive/CAPSTONE/Training dataset/P_Arjun_Reddy_1.mp4
P_Arjun_Reddy_2,F0,0,2,20,0,2,/content/drive/MyDrive/CAPSTONE/Training dataset/P_Arjun_Reddy_2.mp4
P_Arjun_Reddy_3,F0,0,7,70,0,7,/content/drive/MyDrive/CAPSTONE/Training dataset/P_Arjun_Reddy_3.mp4
P_Arjun_Reddy_4,F0,0,2,20,0,2,/content/drive/MyDrive/CAPSTONE/Training dataset/P_Arjun_Reddy_4.mp4
P_Arjun_Reddy_5,F0,0,4,40,0,4,/content/drive/MyDrive/CAPSTONE/Training dataset/P_Arjun_Reddy_5.mp4
P_Arjun_Reddy_6,F0,0,4,40,0,4,/content/drive/MyDrive/CAPSTONE/Training dataset/P_Arjun_Reddy_6.mp4
P_Arjun_Reddy_7,F0,0,5,50,0,5,/content/drive/MyDrive/CAPSTONE/Training dataset/P_Arjun_Reddy_7.mp4
A_Gaami_1,B1,1,3,30,0,0,/content/drive/MyDrive/CAPSTONE/Training dataset/A_Gaami_1.mp4
A_Gaami_2,B1,1,2,20,0,2,/content/drive/MyDrive/CAPSTONE/Training dataset/A_Gaami_2.mp4
A_Gaami_3,B1,1,6,60,0,6,/content/drive/MyDrive/CAPSTONE/Training dataset/A_Gaami_3.mp4
A_Guna 369_1,B1,1,1,10,0,1,/content/drive/MyDrive/CAPSTONE/Training dataset/A_Guna 369_1.mp4
P_Guna 369_2,F0,0,2,20,0,2,/content/drive/MyDrive/CAPSTONE/Training dataset/P_Guna 369_2.mp4
P_Guna 369_3,F0,0,3,30,0,3,/content/drive/MyDrive/CAPSTONE/Training dataset/P_Guna 369_3.mp4
P_Guna 369_4,F0,0,2,20,0,2,/content/drive/MyDrive/CAPSTONE/Training dataset/P_Guna 369_4.mp4
A_Sarrainodu_1,"C1,B1",1,2,20,0,2,/content/drive/MyDrive/CAPSTONE/Training dataset/A_Sarrainodu_1.mp4
A_Sarrainodu_2,B1,1,1,10,0,1,/content/drive/MyDrive/CAPSTONE/Training dataset/A_Sarrainodu_2.mp4
U_Sarrainodu_3,NA,2,1,10,0,1,/content/drive/MyDrive/CAPSTONE/Training dataset/U_Sarrainodu_3.mp4
A_Sarrainodu_4,B1,1,4,40,0,4,/content/drive/MyDrive/CAPSTONE/Training dataset/A_Sarrainodu_4.mp4
A_Sarrainodu_5,"G1,B1",1,3,30,0,3,/content/drive/MyDrive/CAPSTONE/Training dataset/A_Sarrainodu_5.mp4
A_Sarrainodu_6,B1,1,2,20,0,2,/content/drive/MyDrive/CAPSTONE/Training dataset/A_Sarrainodu_6.mp4
U_Sarrainodu_7,NA,2,3,30,0,3,/content/drive/MyDrive/CAPSTONE/Training dataset/U_Sarrainodu_7.mp4
A_Sarrainodu_8,B1,1,3,30,0,3,/content/drive/MyDrive/CAPSTONE/Training dataset/A_Sarrainodu_8.mp4
A_Sarrainodu_9,"C1,B1",1,2,20,0,2,/content/drive/MyDrive/CAPSTONE/Training dataset/A_Sarrainodu_9.mp4
A_Goodachari_1,"G1,B1,E1",1,7,70,0,7,/content/drive/MyDrive/CAPSTONE/Training dataset/A_Goodachari_1.mp4
P_Goodachari_2,F0,0,8,80,0,8,/content/drive/MyDrive/CAPSTONE/Training dataset/P_Goodachari_2.mp4
P_Goodachari_3,F0,0,5,50,0,5,/content/drive/MyDrive/CAPSTONE/Training dataset/P_Goodachari_3.mp4
P_Goodachari_4,F0,0,5,50,0,5,/content/drive/MyDrive/CAPSTONE/Training dataset/P_Goodachari_4.mp4
P_Goodachari_5,F0,0,3,30,0,3,/content/drive/MyDrive/CAPSTONE/Training dataset/P_Goodachari_5.mp4
P_Goodachari_6,F0,0,7,70,0,7,/content/drive/MyDrive/CAPSTONE/Training dataset/P_Goodachari_6.mp4
P_Goodachari_7,F0,0,4,40,0,4,/content/drive/MyDrive/CAPSTONE/Training dataset/P_Goodachari_7.mp4
P_Goodachari_8,G0,0,4,40,0,4,/content/drive/MyDrive/CAPSTONE/Training dataset/P_Goodachari_8.mp4
P_Goodachari_9,G0,0,7,70,0,7,/content/drive/MyDrive/CAPSTONE/Training dataset/P_Goodachari_9.mp4
P_Goodachari_10,G0,0,7,70,0,7,/content/drive/MyDrive/CAPSTONE/Training dataset/P_Goodachari_10.mp4
A_Goodachari_11,"G1,B1",1,1,10,0,1,/content/drive/MyDrive/CAPSTONE/Training dataset/A_Goodachari_11.mp4
P_Goodachari_12,"F0,S0",0,4,40,0,4,/content/drive/MyDrive/CAPSTONE/Training dataset/P_Goodachari_12.mp4
P_Goodachari_13,F0,0,6,60,0,6,/content/drive/MyDrive/CAPSTONE/Training dataset/P_Goodachari_13.mp4
P_Goodachari_14,F0,0,7,70,0,7,/content/drive/MyDrive/CAPSTONE/Training dataset/P_Goodachari_14.mp4
P_Goodachari_15,"B0,F0",0,5,50,0,5,/content/drive/MyDrive/CAPSTONE/Training dataset/P_Goodachari_15.mp4
P_Goodachari_16,F0,0,5,50,0,5,/content/drive/MyDrive/CAPSTONE/Training dataset/P_Goodachari_16.mp4
P_Goodachari_17,F0,0,5,50,0,5,/content/drive/MyDrive/CAPSTONE/Training dataset/P_Goodachari_17.mp4
P_Goodachari_18,F0,0,4,40,0,4,/content/drive/MyDrive/CAPSTONE/Training dataset/P_Goodachari_18.mp4
P_Goodachari_19,"S0,B0",0,1,10,0,1,/content/drive/MyDrive/CAPSTONE/Training dataset/P_Goodachari_19.mp4
P_Goodachari_20,"B0,F0",0,5,50,0,5,/content/drive/MyDrive/CAPSTONE/Training dataset/P_Goodachari_20.mp4
P_Goodachari_21,F0,0,4,40,0,4,/content/drive/MyDrive/CAPSTONE/Training dataset/P_Goodachari_21.mp4
P_Goodachari_22,F0,0,4,40,0,4,/content/drive/MyDrive/CAPSTONE/Training dataset/P_Goodachari_22.mp4
P_Goodachari_23,F0,0,4,40,0,4,/content/drive/MyDrive/CAPSTONE/Training dataset/P_Goodachari_23.mp4
A_Major_1,B1,1,1,10,0,1,/content/drive/MyDrive/CAPSTONE/Training dataset/A_Major_1.mp4
A_Major_2,S1,1,4,40,0,4,/content/drive/MyDrive/CAPSTONE/Training dataset/A_Major_2.mp4
A_Major_3,"G1,F1",1,4,40,0,4,/content/drive/MyDrive/CAPSTONE/Training dataset/A_Major_3.mp4
P_Major_4,"G0,F0",0,4,40,0,4,/content/drive/MyDrive/CAPSTONE/Training dataset/P_Major_4.mp4
P_Major_5,"E0,G0",0,6,60,0,6,/content/drive/MyDrive/CAPSTONE/Training dataset/P_Major_5.mp4
P_Major_6,"E0,B0",0,6,60,0,6,/content/drive/MyDrive/CAPSTONE/Training dataset/P_Major_6.mp4
A_Major_7,"G1,E1",1,2,20,0,2,/content/drive/MyDrive/CAPSTONE/Training dataset/A_Major_7.mp4
A_Major_8,E1,1,3,30,0,3,/content/drive/MyDrive/CAPSTONE/Training dataset/A_Major_8.mp4
P_Major_9,G0,0,4,40,0,4,/content/drive/MyDrive/CAPSTONE/Training dataset/P_Major_9.mp4
A_Major_10,E1,1,5,50,0,5,/content/drive/MyDrive/CAPSTONE/Training dataset/A_Major_10.mp4
A_Major_11,G1,1,5,50,0,5,/content/drive/MyDrive/CAPSTONE/Training dataset/A_Major_11.mp4
A_Major_12,G1,1,5,50,0,5,/content/drive/MyDrive/CAPSTONE/Training dataset/A_Major_12.mp4
P_Major_13,"G0,F0",0,6,60,0,6,/content/drive/MyDrive/CAPSTONE/Training dataset/P_Major_13.mp4
P_Skanda_1,E0,1,3,30,0,3,/content/drive/MyDrive/CAPSTONE/Training dataset/P_Skanda_1.mp4
A_Skanda_2,E1,1,2,20,0,2,/content/drive/MyDrive/CAPSTONE/Training dataset/A_Skanda_2.mp4
A_Skanda_3,B1,1,1,10,0,1,/content/drive/MyDrive/CAPSTONE/Training dataset/A_Skanda_3.mp4
P_Skanda_4,S0,0,4,40,0,4,/content/drive/MyDrive/CAPSTONE/Training dataset/P_Skanda_4.mp4
P_Skanda_5,S0,1,3,30,0,3,/content/drive/MyDrive/CAPSTONE/Training dataset/P_Skanda_5.mp4
P_Skanda_6,"G0,S0",0,4,40,0,4,/content/drive/MyDrive/CAPSTONE/Training dataset/P_Skanda_6.mp4
A_Skanda_7,B1,1,4,40,0,4,/content/drive/MyDrive/CAPSTONE/Training dataset/A_Skanda_7.mp4
A_Skanda_8,C1,1,2,20,0,2,/content/drive/MyDrive/CAPSTONE/Training dataset/A_Skanda_8.mp4
P_Skanda_9,E0,0,3,30,0,3,/content/drive/MyDrive/CAPSTONE/Training dataset/P_Skanda_9.mp4
U_Skanda_10,NA,2,3,30,0,3,/content/drive/MyDrive/CAPSTONE/Training dataset/U_Skanda_10.mp4
A_Skanda_11,E1,1,5,50,0,5,/content/drive/MyDrive/CAPSTONE/Training dataset/A_Skanda_11.mp4
A_Skanda_12,E1,1,1,10,0,1,/content/drive/MyDrive/CAPSTONE/Training dataset/A_Skanda_12.mp4
A_Skanda_13,E1,1,5,50,0,5,/content/drive/MyDrive/CAPSTONE/Training dataset/A_Skanda_13.mp4
P_Uri_1,"G0,E0",0,3,30,0,3,/content/drive/MyDrive/CAPSTONE/Training dataset/P_Uri_1.mp4
A_Uri_2,"E1,G1",1,4,40,0,4,/content/drive/MyDrive/CAPSTONE/Training dataset/A_Uri_2.mp4
A_Uri_3,"E1,G1",1,3,30,0,3,/content/drive/MyDrive/CAPSTONE/Training dataset/A_Uri_3.mp4
A_Uri_4,E1,1,4,40,0,4,/content/drive/MyDrive/CAPSTONE/Training dataset/A_Uri_4.mp4
P_Uri_5,B0,0,6,60,0,6,/content/drive/MyDrive/CAPSTONE/Training dataset/P_Uri_5.mp4
A_Uri_6,E1,1,2,20,0,2,/content/drive/MyDrive/CAPSTONE/Training dataset/A_Uri_6.mp4
P_Uri_7,E0,0,5,50,0,5,/content/drive/MyDrive/CAPSTONE/Training dataset/P_Uri_7.mp4
P_Uri_8,G0,0,3,30,0,3,/content/drive/MyDrive/CAPSTONE/Training dataset/P_Uri_8.mp4
A_Uri_9,"G1,E1",1,6,60,0,6,/content/drive/MyDrive/CAPSTONE/Training dataset/A_Uri_9.mp4
P_Uri_10,G0,0,2,20,0,2,/content/drive/MyDrive/CAPSTONE/Training dataset/P_Uri_10.mp4
P_Uri_11,G0,0,1,10,0,1,/content/drive/MyDrive/CAPSTONE/Training dataset/P_Uri_11.mp4
A_Uri_12,E1,1,5,50,0,5,/content/drive/MyDrive/CAPSTONE/Training dataset/A_Uri_12.mp4
A_Uri_13,B1,1,1,10,0,1,/content/drive/MyDrive/CAPSTONE/Training dataset/A_Uri_13.mp4
A_Uri_14,G1,1,2,20,0,2,/content/drive/MyDrive/CAPSTONE/Training dataset/A_Uri_14.mp4
P_Ugramm_1,F0,0,3,30,0,3,/content/drive/MyDrive/CAPSTONE/Training dataset/P_Ugramm_1.mp4
P_Ugramm_2,F0,0,6,60,0,6,/content/drive/MyDrive/CAPSTONE/Training dataset/P_Ugramm_2.mp4
P_Ugramm_3,F0,0,5,50,0,5,/content/drive/MyDrive/CAPSTONE/Training dataset/P_Ugramm_3.mp4
P_Ugramm_4,F0,0,5,50,0,5,/content/drive/MyDrive/CAPSTONE/Training dataset/P_Ugramm_4.mp4
P_Ugramm_5,F0,0,4,40,0,4,/content/drive/MyDrive/CAPSTONE/Training dataset/P_Ugramm_5.mp4
P_Ugramm_6,F0,0,6,60,0,6,/content/drive/MyDrive/CAPSTONE/Training dataset/P_Ugramm_6.mp4
P_Ugramm_7,F0,0,4,40,0,4,/content/drive/MyDrive/CAPSTONE/Training dataset/P_Ugramm_7.mp4
P_Ugramm_8,F0,0,4,40,0,4,/content/drive/MyDrive/CAPSTONE/Training dataset/P_Ugramm_8.mp4
P_Ugramm_9,F0,0,2,20,0,2,/content/drive/MyDrive/CAPSTONE/Training dataset/P_Ugramm_9.mp4
P_Ugramm_10,F0,2,2,20,0,2,/content/drive/MyDrive/CAPSTONE/Training dataset/P_Ugramm_10.mp4
P_Ugramm_11,F0,0,5,50,0,5,/content/drive/MyDrive/CAPSTONE/Training dataset/P_Ugramm_11.mp4
P_Ugramm_12,F0,0,2,20,0,2,/content/drive/MyDrive/CAPSTONE/Training dataset/P_Ugramm_12.mp4
P_Ugramm_13,F0,0,3,30,0,3,/content/drive/MyDrive/CAPSTONE/Training dataset/P_Ugramm_13.mp4
P_Ugramm_14,F0,0,3,30,0,3,/content/drive/MyDrive/CAPSTONE/Training dataset/P_Ugramm_14.mp4
P_Ugramm_15,F0,0,2,20,0,2,/content/drive/MyDrive/CAPSTONE/Training dataset/P_Ugramm_15.mp4
P_Ugramm_16,F0,0,3,30,0,3,/content/drive/MyDrive/CAPSTONE/Training dataset/P_Ugramm_16.mp4
P_Ugramm_17,F0,0,4,40,0,4,/content/drive/MyDrive/CAPSTONE/Training dataset/P_Ugramm_17.mp4
P_Ugramm_18,F0,0,4,40,0,4,/content/drive/MyDrive/CAPSTONE/Training dataset/P_Ugramm_18.mp4
P_Ugramm_19,F0,0,4,40,0,4,/content/drive/MyDrive/CAPSTONE/Training dataset/P_Ugramm_19.mp4
P_Ugramm_20,F0,0,6,60,0,6,/content/drive/MyDrive/CAPSTONE/Training dataset/P_Ugramm_20.mp4
P_Ugramm_21,F0,0,2,20,0,2,/content/drive/MyDrive/CAPSTONE/Training dataset/P_Ugramm_21.mp4
P_Ugramm_22,F0,0,6,60,0,6,/content/drive/MyDrive/CAPSTONE/Training dataset/P_Ugramm_22.mp4
P_Ugramm_23,F0,0,4,40,0,4,/content/drive/MyDrive/CAPSTONE/Training dataset/P_Ugramm_23.mp4
P_Ugramm_24,F0,0,4,40,0,4,/content/drive/MyDrive/CAPSTONE/Training dataset/P_Ugramm_24.mp4
P_Ugramm_25,F0,0,4,40,0,4,/content/drive/MyDrive/CAPSTONE/Training dataset/P_Ugramm_25.mp4
P_Ugramm_26,F0,0,4,40,0,4,/content/drive/MyDrive/CAPSTONE/Training dataset/P_Ugramm_26.mp4
P_Ugramm_27,F0,0,3,30,0,3,/content/drive/MyDrive/CAPSTONE/Training dataset/P_Ugramm_27.mp4
P_Ugramm_28,G0,0,5,50,0,5,/content/drive/MyDrive/CAPSTONE/Training dataset/P_Ugramm_28.mp4
P_Ugramm_29,G0,0,2,20,0,2,/content/drive/MyDrive/CAPSTONE/Training dataset/P_Ugramm_29.mp4
P_Ugramm_30,G0,0,3,30,0,3,/content/drive/MyDrive/CAPSTONE/Training dataset/P_Ugramm_30.mp4
P_Ugramm_31,G0,0,3,30,0,3,/content/drive/MyDrive/CAPSTONE/Training dataset/P_Ugramm_31.mp4
P_Ugramm_32,F0,0,6,60,0,6,/content/drive/MyDrive/CAPSTONE/Training dataset/P_Ugramm_32.mp4
A_Ugramm_33,"G1,B1",1,5,50,0,5,/content/drive/MyDrive/CAPSTONE/Training dataset/A_Ugramm_33.mp4
P_Ugramm_34,G0,0,3,30,0,3,/content/drive/MyDrive/CAPSTONE/Training dataset/P_Ugramm_34.mp4
P_Ugramm_35,G0,0,5,50,0,5,/content/drive/MyDrive/CAPSTONE/Training dataset/P_Ugramm_35.mp4
P_Ugramm_36,G0,0,4,40,0,4,/content/drive/MyDrive/CAPSTONE/Training dataset/P_Ugramm_36.mp4
P_Ugramm_37,G0,0,4,40,0,4,/content/drive/MyDrive/CAPSTONE/Training dataset/P_Ugramm_37.mp4
P_Ugramm_38,F0,0,3,30,0,3,/content/drive/MyDrive/CAPSTONE/Training dataset/P_Ugramm_38.mp4
P_Ugramm_39,F0,0,3,30,0,3,/content/drive/MyDrive/CAPSTONE/Training dataset/P_Ugramm_39.mp4
P_Ugramm_40,F0,0,5,50,0,5,/content/drive/MyDrive/CAPSTONE/Training dataset/P_Ugramm_40.mp4
P_Ugramm_41,F0,0,6,60,0,6,/content/drive/MyDrive/CAPSTONE/Training dataset/P_Ugramm_41.mp4
P_Ugramm_42,F0,0,3,30,0,3,/content/drive/MyDrive/CAPSTONE/Training dataset/P_Ugramm_42.mp4
P_Ugramm_43,F0,0,5,50,0,5,/content/drive/MyDrive/CAPSTONE/Training dataset/P_Ugramm_43.mp4
P_Ugramm_44,F0,0,7,70,0,7,/content/drive/MyDrive/CAPSTONE/Training dataset/P_Ugramm_44.mp4
P_Ugramm_45,F0,0,5,50,0,5,/content/drive/MyDrive/CAPSTONE/Training dataset/P_Ugramm_45.mp4
P_Ugramm_46,F0,0,4,40,0,4,/content/drive/MyDrive/CAPSTONE/Training dataset/P_Ugramm_46.mp4
P_Ugramm_47,F0,0,2,20,0,2,/content/drive/MyDrive/CAPSTONE/Training dataset/P_Ugramm_47.mp4
P_Ugramm_48,F0,0,3,30,0,3,/content/drive/MyDrive/CAPSTONE/Training dataset/P_Ugramm_48.mp4
P_Ugramm_49,F0,0,3,30,0,3,/content/drive/MyDrive/CAPSTONE/Training dataset/P_Ugramm_49.mp4
A_Ugramm_50,F0,1,3,30,0,3,/content/drive/MyDrive/CAPSTONE/Training dataset/P_Ugramm_50.mp4
P_Ugramm_51,F0,0,3,30,0,3,/content/drive/MyDrive/CAPSTONE/Training dataset/P_Ugramm_51.mp4
P_Ugramm_52,F0,0,3,30,0,3,/content/drive/MyDrive/CAPSTONE/Training dataset/P_Ugramm_52.mp4
P_Ugramm_53,F0,0,5,50,0,5,/content/drive/MyDrive/CAPSTONE/Training dataset/P_Ugramm_53.mp4
P_Ugramm_54,F0,0,6,60,0,6,/content/drive/MyDrive/CAPSTONE/Training dataset/P_Ugramm_54.mp4
A_Vikram_1,E1,1,7,70,0,7,/content/drive/MyDrive/CAPSTONE/Training dataset/A_Vikram_1.mp4
A_Vikram_2,"S1,B1",1,7,70,0,7,/content/drive/MyDrive/CAPSTONE/Training dataset/A_Vikram_2.mp4
P_Vikram_3,G0,0,2,20,0,2,/content/drive/MyDrive/CAPSTONE/Training dataset/P_Vikram_3.mp4
P_Vikram_4,F0,0,4,40,0,4,/content/drive/MyDrive/CAPSTONE/Training dataset/P_Vikram_4.mp4
A_Vikram_5,E1,1,7,70,0,7,/content/drive/MyDrive/CAPSTONE/Training dataset/A_Vikram_5.mp4
A_Vikram_6,"S1,B1",1,2,20,0,2,/content/drive/MyDrive/CAPSTONE/Training dataset/A_Vikram_6.mp4
P_Vikram_7,F0,0,6,60,0,6,/content/drive/MyDrive/CAPSTONE/Training dataset/P_Vikram_7.mp4
P_Vikram_8,F0,0,8,80,0,8,/content/drive/MyDrive/CAPSTONE/Training dataset/P_Vikram_8.mp4
P_Vikram_9,F0,0,6,60,0,6,/content/drive/MyDrive/CAPSTONE/Training dataset/P_Vikram_9.mp4
P_Vikram_10,G0,0,3,30,0,3,/content/drive/MyDrive/CAPSTONE/Training dataset/P_Vikram_10.mp4
P_Vikram_11,G0,0,5,50,0,5,/content/drive/MyDrive/CAPSTONE/Training dataset/P_Vikram_11.mp4
P_Vikram_12,G0,0,4,40,0,4,/content/drive/MyDrive/CAPSTONE/Training dataset/P_Vikram_12.mp4
P_Vikram_13,F0,0,7,70,0,7,/content/drive/MyDrive/CAPSTONE/Training dataset/P_Vikram_13.mp4
P_Vikram_14,F0,0,5,50,0,5,/content/drive/MyDrive/CAPSTONE/Training dataset/P_Vikram_14.mp4
P_Vikram_15,F0,0,5,50,0,5,/content/drive/MyDrive/CAPSTONE/Training dataset/P_Vikram_15.mp4
U_Dance_1,NA,2,4,40,0,4,/content/drive/MyDrive/CAPSTONE/Training dataset/U_Dance_1.mp4
U_Dance_2,NA,2,4,40,0,4,/content/drive/MyDrive/CAPSTONE/Training dataset/U_Dance_2.mp4
U_Dance_3,NA,2,4,40,0,4,/content/drive/MyDrive/CAPSTONE/Training dataset/U_Dance_3.mp4
U_Dance_4,NA,2,4,40,0,4,/content/drive/MyDrive/CAPSTONE/Training dataset/U_Dance_4.mp4
U_Dance_5,NA,2,4,40,0,4,/content/drive/MyDrive/CAPSTONE/Training dataset/U_Dance_5.mp4
U_Dance_6,NA,2,4,40,0,4,/content/drive/MyDrive/CAPSTONE/Training dataset/U_Dance_6.mp4
U_Dance_7,NA,2,4,40,0,4,/content/drive/MyDrive/CAPSTONE/Training dataset/U_Dance_7.mp4
U_Dance_8,NA,2,4,40,0,4,/content/drive/MyDrive/CAPSTONE/Training dataset/U_Dance_8.mp4
U_Dance_9,NA,2,4,40,0,4,/content/drive/MyDrive/CAPSTONE/Training dataset/U_Dance_9.mp4
U_Dance_10,NA,2,4,40,0,4,/content/drive/MyDrive/CAPSTONE/Training dataset/U_Dance_10.mp4
U_Dance_11,NA,2,4,40,0,4,/content/drive/MyDrive/CAPSTONE/Training dataset/U_Dance_11.mp4
U_Dance_12,NA,2,4,40,0,4,/content/drive/MyDrive/CAPSTONE/Training dataset/U_Dance_12.mp4
U_Dance_13,NA,2,4,40,0,4,/content/drive/MyDrive/CAPSTONE/Training dataset/U_Dance_13.mp4
U_Dance_14,NA,2,4,40,0,4,/content/drive/MyDrive/CAPSTONE/Training dataset/U_Dance_14.mp4
U_Dance_15,NA,2,4,40,0,4,/content/drive/MyDrive/CAPSTONE/Training dataset/U_Dance_15.mp4
U_Dance_16,NA,2,4,40,0,4,/content/drive/MyDrive/CAPSTONE/Training dataset/U_Dance_16.mp4
U_Dance_17,NA,2,4,40,0,4,/content/drive/MyDrive/CAPSTONE/Training dataset/U_Dance_17.mp4
U_Dance_18,NA,2,4,40,0,4,/content/drive/MyDrive/CAPSTONE/Training dataset/U_Dance_18.mp4
U_Dance_19,NA,2,4,40,0,4,/content/drive/MyDrive/CAPSTONE/Training dataset/U_Dance_19.mp4
U_Dance_20,NA,2,4,40,0,4,/content/drive/MyDrive/CAPSTONE/Training dataset/U_Dance_20.mp4
U_Dance_21,NA,2,4,40,0,4,/content/drive/MyDrive/CAPSTONE/Training dataset/U_Dance_21.mp4
U_Dance_22,NA,2,4,40,0,4,/content/drive/MyDrive/CAPSTONE/Training dataset/U_Dance_22.mp4
U_Dance_23,NA,2,4,40,0,4,/content/drive/MyDrive/CAPSTONE/Training dataset/U_Dance_23.mp4
U_Dance_24,NA,2,4,40,0,4,/content/drive/MyDrive/CAPSTONE/Training dataset/U_Dance_24.mp4
U_Dance_25,NA,2,4,40,0,4,/content/drive/MyDrive/CAPSTONE/Training dataset/U_Dance_25.mp4
U_Dance_26,NA,2,4,40,0,4,/content/drive/MyDrive/CAPSTONE/Training dataset/U_Dance_26.mp4
U_Dance_27,NA,2,4,40,0,4,/content/drive/MyDrive/CAPSTONE/Training dataset/U_Dance_27.mp4
U_Dance_28,NA,2,4,40,0,4,/content/drive/MyDrive/CAPSTONE/Training dataset/U_Dance_28.mp4
U_Dance_29,NA,2,4,40,0,4,/content/drive/MyDrive/CAPSTONE/Training dataset/U_Dance_29.mp4
U_Dance_30,NA,2,4,40,0,4,/content/drive/MyDrive/CAPSTONE/Training dataset/U_Dance_30.mp4
U_Dance_31,NA,2,4,40,0,4,/content/drive/MyDrive/CAPSTONE/Training dataset/U_Dance_31.mp4
U_Dance_32,NA,2,4,40,0,4,/content/drive/MyDrive/CAPSTONE/Training dataset/U_Dance_32.mp4
U_Dance_33,NA,2,4,40,0,4,/content/drive/MyDrive/CAPSTONE/Training dataset/U_Dance_33.mp4
U_Dance_34,NA,2,4,40,0,4,/content/drive/MyDrive/CAPSTONE/Training dataset/U_Dance_34.mp4
U_Dance_35,NA,2,4,40,0,4,/content/drive/MyDrive/CAPSTONE/Training dataset/U_Dance_35.mp4
U_Dance_36,NA,2,4,40,0,4,/content/drive/MyDrive/CAPSTONE/Training dataset/U_Dance_36.mp4
U_Dance_37,NA,2,4,40,0,4,/content/drive/MyDrive/CAPSTONE/Training dataset/U_Dance_37.mp4
U_Dance_38,NA,2,4,40,0,4,/content/drive/MyDrive/CAPSTONE/Training dataset/U_Dance_38.mp4
U_Dance_39,NA,2,4,40,0,4,/content/drive/MyDrive/CAPSTONE/Training dataset/U_Dance_39.mp4
U_Dance_40,NA,2,4,40,0,4,/content/drive/MyDrive/CAPSTONE/Training dataset/U_Dance_40.mp4
U_Dance_41,NA,2,4,40,0,4,/content/drive/MyDrive/CAPSTONE/Training dataset/U_Dance_41.mp4
U_Dance_42,NA,2,4,40,0,4,/content/drive/MyDrive/CAPSTONE/Training dataset/U_Dance_42.mp4
U_Dance_43,NA,2,4,40,0,4,/content/drive/MyDrive/CAPSTONE/Training dataset/U_Dance_43.mp4
U_Dance_44,NA,2,4,40,0,4,/content/drive/MyDrive/CAPSTONE/Training dataset/U_Dance_44.mp4
U_Dance_45,NA,2,4,40,0,4,/content/drive/MyDrive/CAPSTONE/Training dataset/U_Dance_45.mp4
U_Dance_46,NA,2,4,40,0,4,/content/drive/MyDrive/CAPSTONE/Training dataset/U_Dance_46.mp4
U_Dance_47,NA,2,4,40,0,4,/content/drive/MyDrive/CAPSTONE/Training dataset/U_Dance_47.mp4
U_Dance_48,NA,2,4,40,0,4,/content/drive/MyDrive/CAPSTONE/Training dataset/U_Dance_48.mp4
U_Dance_49,NA,2,4,40,0,4,/content/drive/MyDrive/CAPSTONE/Training dataset/U_Dance_49.mp4
U_Dance_50,NA,2,4,40,0,4,/content/drive/MyDrive/CAPSTONE/Training dataset/U_Dance_50.mp4
U_Dance_51,NA,2,4,40,0,4,/content/drive/MyDrive/CAPSTONE/Training dataset/U_Dance_51.mp4
U_Dance_52,NA,2,4,40,0,4,/content/drive/MyDrive/CAPSTONE/Training dataset/U_Dance_52.mp4
U_Dance_53,NA,2,4,40,0,4,/content/drive/MyDrive/CAPSTONE/Training dataset/U_Dance_53.mp4
U_Dance_54,NA,2,4,40,0,4,/content/drive/MyDrive/CAPSTONE/Training dataset/U_Dance_54.mp4
U_Dance_55,NA,2,4,40,0,4,/content/drive/MyDrive/CAPSTONE/Training dataset/U_Dance_55.mp4
U_Dance_56,NA,2,4,40,0,4,/content/drive/MyDrive/CAPSTONE/Training dataset/U_Dance_56.mp4
U_Dance_57,NA,2,4,40,0,4,/content/drive/MyDrive/CAPSTONE/Training dataset/U_Dance_57.mp4
U_Dance_58,NA,2,4,40,0,4,/content/drive/MyDrive/CAPSTONE/Training dataset/U_Dance_58.mp4
U_Dance_59,NA,2,4,40,0,4,/content/drive/MyDrive/CAPSTONE/Training dataset/U_Dance_59.mp4
U_Dance_60,NA,2,4,40,0,4,/content/drive/MyDrive/CAPSTONE/Training dataset/U_Dance_60.mp4
U_Dance_61,NA,2,4,40,0,4,/content/drive/MyDrive/CAPSTONE/Training dataset/U_Dance_61.mp4
A_Boys_1,B1,1,3,30,0,3,/content/drive/MyDrive/CAPSTONE/Training dataset/A_Boys_1.mp4
A_Boys_2,"G1,B1",1,2,20,0,2,/content/drive/MyDrive/CAPSTONE/Training dataset/A_Boys_2.mp4
A_Boys_3,B1,1,5,50,0,5,/content/drive/MyDrive/CAPSTONE/Training dataset/A_Boys_3.mp4
A_Boys_4,"B1,G1",1,2,20,0,2,/content/drive/MyDrive/CAPSTONE/Training dataset/A_Boys_4.mp4
A_Boys_5,"B1,G1",1,1,10,0,1,/content/drive/MyDrive/CAPSTONE/Training dataset/A_Boys_5.mp4
A_Boys_6,"B1,G1",1,3,30,0,3,/content/drive/MyDrive/CAPSTONE/Training dataset/A_Boys_6.mp4
A_Boys_7,"B1,G1",1,2,20,0,2,/content/drive/MyDrive/CAPSTONE/Training dataset/A_Boys_7.mp4
A_Boys_8,"B1,G1",1,2,20,0,2,/content/drive/MyDrive/CAPSTONE/Training dataset/A_Boys_8.mp4
A_Boys_9,"B1,G1",1,2,20,0,2,/content/drive/MyDrive/CAPSTONE/Training dataset/A_Boys_9.mp4
A_Boys_10,"B1,G1",1,3,30,0,3,/content/drive/MyDrive/CAPSTONE/Training dataset/A_Boys_10.mp4
A_Boys_11,B1,1,3,30,0,3,/content/drive/MyDrive/CAPSTONE/Training dataset/A_Boys_11.mp4
A_Boys_12,B1,1,2,20,0,2,/content/drive/MyDrive/CAPSTONE/Training dataset/A_Boys_12.mp4
A_Boys_13,B1,1,2,20,0,2,/content/drive/MyDrive/CAPSTONE/Training dataset/A_Boys_13.mp4
A_Boys_14,B1,1,5,50,0,5,/content/drive/MyDrive/CAPSTONE/Training dataset/A_Boys_14.mp4
A_Boys_15,B1,1,2,20,0,2,/content/drive/MyDrive/CAPSTONE/Training dataset/A_Boys_15.mp4
A_Boys_16,"B1,F1",1,5,50,0,5,/content/drive/MyDrive/CAPSTONE/Training dataset/A_Boys_16.mp4
A_Boys_17,"B1,F1",1,5,50,0,5,/content/drive/MyDrive/CAPSTONE/Training dataset/A_Boys_17.mp4
A_Boys_18,B1,1,5,50,0,5,/content/drive/MyDrive/CAPSTONE/Training dataset/A_Boys_18.mp4
A_Boys_20,B1,1,4,40,0,4,/content/drive/MyDrive/CAPSTONE/Training dataset/A_Boys_20.mp4
P_Boys_21,G0,0,4,40,0,4,/content/drive/MyDrive/CAPSTONE/Training dataset/P_Boys_21.mp4
A_Boys_22,"S1,B1",1,4,40,0,4,/content/drive/MyDrive/CAPSTONE/Training dataset/A_Boys_22.mp4
A_Boys_23,"S1,B1",1,4,40,0,4,/content/drive/MyDrive/CAPSTONE/Training dataset/A_Boys_23.mp4
A_Boys_24,"S1,B1",1,5,50,0,5,/content/drive/MyDrive/CAPSTONE/Training dataset/A_Boys_24.mp4
P_Boys_25,"S0,G0",0,5,50,0,5,/content/drive/MyDrive/CAPSTONE/Training dataset/P_Boys_25.mp4
P_GoGoaGone_1,F0,0,3,30,0,3,/content/drive/MyDrive/CAPSTONE/Training dataset/P_GoGoaGone_1.mp4
U_GoGoaGone_2,NA,2,3,30,0,3,/content/drive/MyDrive/CAPSTONE/Training dataset/U_GoGoaGone_2.mp4
A_GoGoaGone_3,"G1,B1",1,5,50,0,5,/content/drive/MyDrive/CAPSTONE/Training dataset/A_GoGoaGone_3.mp4
A_GoGoaGone_4,"G1,B1",1,5,50,0,5,/content/drive/MyDrive/CAPSTONE/Training dataset/A_GoGoaGone_4.mp4
A_GoGoaGone_5,"G1,B1",1,6,60,0,6,/content/drive/MyDrive/CAPSTONE/Training dataset/A_GoGoaGone_5.mp4
A_GoGoaGone_6,"G1,B1",1,4,40,0,4,/content/drive/MyDrive/CAPSTONE/Training dataset/A_GoGoaGone_6.mp4
A_GoGoaGone_7,"G1,B1",1,5,50,0,5,/content/drive/MyDrive/CAPSTONE/Training dataset/A_GoGoaGone_7.mp4
A_GoGoaGone_8,"G1,B1",1,4,40,0,4,/content/drive/MyDrive/CAPSTONE/Training dataset/A_GoGoaGone_8.mp4
A_GoGoaGone_9,"G1,B1",1,5,50,0,5,/content/drive/MyDrive/CAPSTONE/Training dataset/A_GoGoaGone_9.mp4
A_GoGoaGone_10,"G1,B1",1,5,50,0,5,/content/drive/MyDrive/CAPSTONE/Training dataset/A_GoGoaGone_10.mp4
P_GoGoaGone_11,G0,0,1,10,0,1,/content/drive/MyDrive/CAPSTONE/Training dataset/P_GoGoaGone_11.mp4
A_GoGoaGone_12,"S1,B1",1,3,30,0,3,/content/drive/MyDrive/CAPSTONE/Training dataset/A_GoGoaGone_12.mp4
A_Kanchana_1,B1,1,5,50,0,5,/content/drive/MyDrive/CAPSTONE/Training dataset/A_Kanchana_1.mp4
P_Kanchana_2,B0,0,5,50,0,5,/content/drive/MyDrive/CAPSTONE/Training dataset/P_Kanchana_2.mp4
U_Kanchana_3,NA,2,5,50,0,5,/content/drive/MyDrive/CAPSTONE/Training dataset/U_Kanchana_3.mp4
P_Kanchana_4,B0,0,5,50,0,5,/content/drive/MyDrive/CAPSTONE/Training dataset/P_Kanchana_4.mp4
A_Kanchana_5,B1,1,5,50,0,5,/content/drive/MyDrive/CAPSTONE/Training dataset/A_Kanchana_5.mp4
U_Kanchana_6,NA,2,3,30,0,3,/content/drive/MyDrive/CAPSTONE/Training dataset/U_Kanchana_6.mp4
U_Kanchana_7,NA,2,4,40,0,4,/content/drive/MyDrive/CAPSTONE/Training dataset/U_Kanchana_7.mp4
P_Kanchana_8,B0,0,5,50,0,5,/content/drive/MyDrive/CAPSTONE/Training dataset/P_Kanchana_8.mp4
A_KashmirFiles_1,"B1,C1",1,3,30,0,3,/content/drive/MyDrive/CAPSTONE/Training dataset/A_KashmirFiles_1.mp4
P_Leo_1,"G0,CA0",0,4,40,0,4,/content/drive/MyDrive/CAPSTONE/Training dataset/P_Leo_1.mp4
P_Leo_2,"S0,CA0",0,3,30,0,3,/content/drive/MyDrive/CAPSTONE/Training dataset/P_Leo_2.mp4
P_Leo_3,"G0,CA0",0,5,50,0,5,/content/drive/MyDrive/CAPSTONE/Training dataset/P_Leo_3.mp4
P_Leo_4,CA0,0,5,50,0,5,/content/drive/MyDrive/CAPSTONE/Training dataset/P_Leo_4.mp4
U_Leo_5,NA,2,5,50,0,5,/content/drive/MyDrive/CAPSTONE/Training dataset/U_Leo_5.mp4
U_Leo_6,NA,2,4,40,0,4,/content/drive/MyDrive/CAPSTONE/Training dataset/U_Leo_6.mp4
P_Leo_7,CA0,0,3,30,0,3,/content/drive/MyDrive/CAPSTONE/Training dataset/P_Leo_7.mp4
A_Leo_8,"F1,B1",1,4,40,0,4,/content/drive/MyDrive/CAPSTONE/Training dataset/A_Leo_8.mp4
P_Leo_9,F0,0,3,30,0,3,/content/drive/MyDrive/CAPSTONE/Training dataset/P_Leo_9.mp4
P_Leo_10,F0,0,2,20,0,2,/content/drive/MyDrive/CAPSTONE/Training dataset/P_Leo_10.mp4
P_Leo_11,F0,0,4,40,0,4,/content/drive/MyDrive/CAPSTONE/Training dataset/P_Leo_11.mp4
P_Leo_12,F0,0,4,40,0,4,/content/drive/MyDrive/CAPSTONE/Training dataset/P_Leo_12.mp4
P_Leo_13,F0,0,5,50,0,5,/content/drive/MyDrive/CAPSTONE/Training dataset/P_Leo_13.mp4
P_Leo_14,"F0,B0",0,5,50,0,5,/content/drive/MyDrive/CAPSTONE/Training dataset/P_Leo_14.mp4
P_Leo_15,"F0,B0",0,4,40,0,4,/content/drive/MyDrive/CAPSTONE/Training dataset/P_Leo_15.mp4
P_Leo_16,F0,0,5,50,0,5,/content/drive/MyDrive/CAPSTONE/Training dataset/P_Leo_16.mp4
P_Leo_17,F0,0,2,20,0,2,/content/drive/MyDrive/CAPSTONE/Training dataset/P_Leo_17.mp4
P_Leo_18,F0,0,3,30,0,3,/content/drive/MyDrive/CAPSTONE/Training dataset/P_Leo_18.mp4
P_Leo_19,F0,0,4,40,0,4,/content/drive/MyDrive/CAPSTONE/Training dataset/P_Leo_19.mp4
P_Leo_20,F0,0,4,40,0,4,/content/drive/MyDrive/CAPSTONE/Training dataset/P_Leo_20.mp4
P_Leo_21,F0,0,4,40,0,4,/content/drive/MyDrive/CAPSTONE/Training dataset/P_Leo_21.mp4
P_Leo_22,F0,0,2,20,0,2,/content/drive/MyDrive/CAPSTONE/Training dataset/P_Leo_22.mp4
P_Leo_23,F0,0,5,50,0,5,/content/drive/MyDrive/CAPSTONE/Training dataset/P_Leo_23.mp4
P_Leo_24,F0,0,5,50,0,5,/content/drive/MyDrive/CAPSTONE/Training dataset/P_Leo_24.mp4
P_Leo_25,F0,0,3,30,0,3,/content/drive/MyDrive/CAPSTONE/Training dataset/P_Leo_25.mp4
P_Leo_26,F0,0,3,30,0,3,/content/drive/MyDrive/CAPSTONE/Training dataset/P_Leo_26.mp4
P_Leo_27,F0,0,5,50,0,5,/content/drive/MyDrive/CAPSTONE/Training dataset/P_Leo_27.mp4
P_Leo_28,F0,0,4,40,0,4,/content/drive/MyDrive/CAPSTONE/Training dataset/P_Leo_28.mp4
P_Leo_29,"B0,F0",0,4,40,0,4,/content/drive/MyDrive/CAPSTONE/Training dataset/P_Leo_29.mp4
P_Leo_30,"G0,B0",0,3,30,0,3,/content/drive/MyDrive/CAPSTONE/Training dataset/P_Leo_30.mp4
P_Leo_31,G0,0,3,30,0,3,/content/drive/MyDrive/CAPSTONE/Training dataset/P_Leo_31.mp4
P_Leo_32,S0,0,4,40,0,4,/content/drive/MyDrive/CAPSTONE/Training dataset/P_Leo_32.mp4
P_Leo_33,F0,0,3,30,0,3,/content/drive/MyDrive/CAPSTONE/Training dataset/P_Leo_33.mp4
P_Leo_34,F0,0,3,30,0,3,/content/drive/MyDrive/CAPSTONE/Training dataset/P_Leo_34.mp4
P_Leo_35,F0,0,1,10,0,1,/content/drive/MyDrive/CAPSTONE/Training dataset/P_Leo_35.mp4
P_Leo_36,F0,0,2,20,0,2,/content/drive/MyDrive/CAPSTONE/Training dataset/P_Leo_36.mp4
U_GoGoaGone_13, NA,2,3,30,0,3,/content/drive/MyDrive/CAPSTONE/Training dataset/U_GoGoaGone_13.mp4
U_random_1,NA,2,4,40,0,4,/content/drive/MyDrive/CAPSTONE/Training dataset/U_random_1.mp4
U_random_2,NA,2,4,40,0,4,/content/drive/MyDrive/CAPSTONE/Training dataset/U_random_2.mp4
U_random_3,NA,2,4,40,0,4,/content/drive/MyDrive/CAPSTONE/Training dataset/U_random_3.mp4
U_random_4,NA,2,5,50,0,5,/content/drive/MyDrive/CAPSTONE/Training dataset/U_random_4.mp4
U_random_5,NA,2,4,40,0,4,/content/drive/MyDrive/CAPSTONE/Training dataset/U_random_5.mp4
U_random_6,NA,2,4,40,0,4,/content/drive/MyDrive/CAPSTONE/Training dataset/U_random_6.mp4
U_random_7,NA,2,5,50,0,5,/content/drive/MyDrive/CAPSTONE/Training dataset/U_random_7.mp4
U_random_8,NA,2,4,40,0,4,/content/drive/MyDrive/CAPSTONE/Training dataset/U_random_8.mp4
U_random_9,NA,2,4,40,0,4,/content/drive/MyDrive/CAPSTONE/Training dataset/U_random_9.mp4
U_random_10,NA,2,4,40,0,4,/content/drive/MyDrive/CAPSTONE/Training dataset/U_random_10.mp4
U_random_11,NA,2,5,50,0,5,/content/drive/MyDrive/CAPSTONE/Training dataset/U_random_11.mp4
U_random_12,NA,2,4,40,0,4,/content/drive/MyDrive/CAPSTONE/Training dataset/U_random_12.mp4
A_random_13,E1,1,6,60,0,6,/content/drive/MyDrive/CAPSTONE/Training dataset/A_random_13.mp4
A_random_15,B1,1,4,40,0,4,/content/drive/MyDrive/CAPSTONE/Training dataset/A_random_15.mp4
A_random_16,B1,1,5,50,0,5,/content/drive/MyDrive/CAPSTONE/Training dataset/A_random_16.mp4
A_random_17,"B1,S1",1,5,50,0,5,/content/drive/MyDrive/CAPSTONE/Training dataset/A_random_17.mp4
A_random_24,B1,1,3,30,0,3,/content/drive/MyDrive/CAPSTONE/Training dataset/A_random_24.mp4
A_random_25,B1,1,5,50,0,5,/content/drive/MyDrive/CAPSTONE/Training dataset/A_random_25.mp4
A_random_26,"G1,B1",1,6,60,0,6,/content/drive/MyDrive/CAPSTONE/Training dataset/A_random_26.mp4
A_random_27,"S1,B1",1,3,30,0,3,/content/drive/MyDrive/CAPSTONE/Training dataset/A_random_27.mp4
A_random_28,"S1,B1",1,5,50,0,5,/content/drive/MyDrive/CAPSTONE/Training dataset/A_random_28.mp4
A_random_29,"C1,B1",1,5,50,0,5,/content/drive/MyDrive/CAPSTONE/Training dataset/A_random_29.mp4
A_random_30,"G1,B1",1,6,60,0,6,/content/drive/MyDrive/CAPSTONE/Training dataset/A_random_30.mp4
A_random_31,"C1,B1",1,5,50,0,5,/content/drive/MyDrive/CAPSTONE/Training dataset/A_random_31.mp4
A_random_32,"C1,B1",1,5,50,0,5,/content/drive/MyDrive/CAPSTONE/Training dataset/A_random_32.mp4
A_random_33,"S1,B1",1,6,60,0,6,/content/drive/MyDrive/CAPSTONE/Training dataset/A_random_33.mp4
A_random_34,"F1,B1",1,5,50,0,5,/content/drive/MyDrive/CAPSTONE/Training dataset/A_random_34.mp4
P_random_14,E0,0,6,60,0,6,/content/drive/MyDrive/CAPSTONE/Training dataset/P_random_14.mp4
P_random_18,B0,0,2,20,0,2,/content/drive/MyDrive/CAPSTONE/Training dataset/P_random_18.mp4
P_random_19,F0,0,4,40,0,4,/content/drive/MyDrive/CAPSTONE/Training dataset/P_random_19.mp4
P_random_20,"S0,F0",0,4,40,0,4,/content/drive/MyDrive/CAPSTONE/Training dataset/P_random_20.mp4
P_random_21,F0,0,6,60,0,6,/content/drive/MyDrive/CAPSTONE/Training dataset/P_random_21.mp4
P_random_22,F0,0,5,50,0,5,/content/drive/MyDrive/CAPSTONE/Training dataset/P_random_22.mp4
A_random_23,B1,1,4,40,0,4,/content/drive/MyDrive/CAPSTONE/Training dataset/A_random_23.mp4